{
  "run_id": "weighted_ensemble",
  "metrics": {
    "rmse": 0.5553029877895395,
    "mae": 0.41178118659615504,
    "r2": 0.6548482411363561
  },
  "validation_metrics": {
    "rmse": 0.5988616793228617,
    "mae": 0.4300907328214799,
    "r2": 0.6251753180484347
  },
  "weights": {
    "ridge": 1.9075412250353046e-19,
    "elastic_net": 6.172801994173564e-17,
    "random_forest": 4.39276590844648e-17,
    "extra_trees": 0.46120393824468936,
    "hist_gradient_boosting": 0.5387960617553106,
    "xgboost": 2.5571575000696317e-18
  }
}