{
  "run_id": "weighted_ensemble",
  "metrics": {
    "rmse": 0.8667441006965644,
    "mae": 0.6010887210524748,
    "r2": 0.3296055440819238
  },
  "validation_metrics": {
    "rmse": 0.6738036269927864,
    "mae": 0.49612528088469854,
    "r2": 0.40628078681717605
  },
  "weights": {
    "ridge": 0.040437112147426964,
    "elastic_net": 3.314918024878246e-17,
    "random_forest": 2.8830400634150877e-18,
    "extra_trees": 0.08286868683090844,
    "hist_gradient_boosting": 0.4079768364646062,
    "xgboost": 0.4687173645570583
  }
}